{
	"info": {
		"_postman_id": "fe4b17b0-e717-49aa-a462-e6b6ea315cff",
		"name": "spring security",
		"schema": "https://schema.getpostman.com/json/collection/v2.1.0/collection.json"
	},
	"item": [
		{
			"name": "Get all users",
			"request": {
				"auth": {
					"type": "basic",
					"basic": [
						{
							"key": "username",
							"value": "user3",
							"type": "string"
						},
						{
							"key": "password",
							"value": "password",
							"type": "string"
						}
					]
				},
				"method": "GET",
				"header": [],
				"url": {
					"raw": "{{baseUrl}}",
					"host": [
						"{{baseUrl}}"
					]
				}
			},
			"response": []
		},
		{
			"name": "Get user",
			"request": {
				"auth": {
					"type": "basic",
					"basic": [
						{
							"key": "username",
							"value": "user3",
							"type": "string"
						},
						{
							"key": "password",
							"value": "password",
							"type": "string"
						}
					]
				},
				"method": "GET",
				"header": [],
				"url": {
					"raw": "{{baseUrl}}/user3",
					"host": [
						"{{baseUrl}}"
					],
					"path": [
						"user3"
					]
				}
			},
			"response": []
		},
		{
			"name": "Delete user",
			"request": {
				"auth": {
					"type": "basic",
					"basic": [
						{
							"key": "username",
							"value": "user3",
							"type": "string"
						},
						{
							"key": "password",
							"value": "password",
							"type": "string"
						}
					]
				},
				"method": "DELETE",
				"header": [],
				"url": {
					"raw": "{{baseUrl}}/user3",
					"host": [
						"{{baseUrl}}"
					],
					"path": [
						"user3"
					]
				}
			},
			"response": []
		},
		{
			"name": "Create user",
			"request": {
				"auth": {
					"type": "noauth"
				},
				"method": "POST",
				"header": [],
				"body": {
					"mode": "raw",
					"raw": " {\r\n        \"userId\": \"user3\",\r\n        \"userName\": \"HariiK\",\r\n        \"firstName\": \"Harii\",\r\n        \"lastName\": \"K\",\r\n        \"password\": \"password\",\r\n        \"role\" :\"ADMIN\"\r\n    }",
					"options": {
						"raw": {
							"language": "json"
						}
					}
				},
				"url": {
					"raw": "{{baseUrl}}",
					"host": [
						"{{baseUrl}}"
					]
				}
			},
			"response": []
		},
		{
			"name": "Update user",
			"request": {
				"auth": {
					"type": "basic",
					"basic": [
						{
							"key": "username",
							"value": "user2",
							"type": "string"
						},
						{
							"key": "password",
							"value": "password",
							"type": "string"
						}
					]
				},
				"method": "PUT",
				"header": [],
				"body": {
					"mode": "raw",
					"raw": " {\r\n        \"userId\": \"user3\",\r\n        \"userName\": \"HariiK\",\r\n        \"firstName\": \"Hari\",\r\n        \"lastName\": \"K\",\r\n        \"password\": \"password\",\r\n        \"role\" :\"ADMIN\"\r\n    }",
					"options": {
						"raw": {
							"language": "json"
						}
					}
				},
				"url": {
					"raw": "{{baseUrl}}",
					"host": [
						"{{baseUrl}}"
					]
				}
			},
			"response": []
		}
	]
}