{
	"info": {
		"_postman_id": "c7a69246-675e-4876-aecf-163764449f54",
		"name": "Spring cloud",
		"schema": "https://schema.getpostman.com/json/collection/v2.1.0/collection.json"
	},
	"item": [
		{
			"name": "Create Product",
			"request": {
				"method": "POST",
				"header": [],
				"body": {
					"mode": "raw",
					"raw": "{\r\n    \"productId\":\"0\",\r\n    \"productName\" : \"Mobile\",\r\n    \"productQuantity\":\"5\"\r\n}",
					"options": {
						"raw": {
							"language": "json"
						}
					}
				},
				"url": {
					"raw": "{{cloudBaseUrlPD}}",
					"host": [
						"{{cloudBaseUrlPD}}"
					]
				}
			},
			"response": []
		},
		{
			"name": "Get All Products",
			"request": {
				"auth": {
					"type": "noauth"
				},
				"method": "GET",
				"header": [],
				"url": {
					"raw": "{{cloudBaseUrlPD}}",
					"host": [
						"{{cloudBaseUrlPD}}"
					]
				}
			},
			"response": []
		},
		{
			"name": "Get a product",
			"request": {
				"auth": {
					"type": "noauth"
				},
				"method": "GET",
				"header": [],
				"url": {
					"raw": "{{cloudBaseUrlPD}}/2",
					"host": [
						"{{cloudBaseUrlPD}}"
					],
					"path": [
						"2"
					]
				}
			},
			"response": []
		},
		{
			"name": "Update Product",
			"request": {
				"method": "PUT",
				"header": [],
				"body": {
					"mode": "raw",
					"raw": "{\r\n    \"productId\":\"2\",\r\n    \"productName\" : \"Laptop\",\r\n    \"productQuantity\":\"2\"\r\n}",
					"options": {
						"raw": {
							"language": "json"
						}
					}
				},
				"url": {
					"raw": "{{cloudBaseUrlPD}}",
					"host": [
						"{{cloudBaseUrlPD}}"
					]
				}
			},
			"response": []
		},
		{
			"name": "Delete Product",
			"request": {
				"auth": {
					"type": "noauth"
				},
				"method": "DELETE",
				"header": [],
				"url": {
					"raw": "{{cloudBaseUrlPD}}/1",
					"host": [
						"{{cloudBaseUrlPD}}"
					],
					"path": [
						"1"
					]
				}
			},
			"response": []
		},
		{
			"name": "Create user",
			"request": {
				"method": "POST",
				"header": [],
				"body": {
					"mode": "raw",
					"raw": "{\r\n    \"userId\":\"user1\",\r\n    \"email\":\"HariK@test.com\",\r\n    \"firstName\":\"Hari\",\r\n    \"lastName\":\"K\",\r\n    \"password\":\"password\"\r\n}\r\n",
					"options": {
						"raw": {
							"language": "json"
						}
					}
				},
				"url": {
					"raw": "{{clousBaseUrlUS}}",
					"host": [
						"{{clousBaseUrlUS}}"
					]
				}
			},
			"response": []
		},
		{
			"name": "Authenticate",
			"request": {
				"auth": {
					"type": "basic",
					"basic": [
						{
							"key": "password",
							"value": "password",
							"type": "string"
						},
						{
							"key": "username",
							"value": "user1",
							"type": "string"
						}
					]
				},
				"method": "POST",
				"header": [],
				"url": {
					"raw": "http://localhost:9013/authenticate",
					"protocol": "http",
					"host": [
						"localhost"
					],
					"port": "9013",
					"path": [
						"authenticate"
					]
				}
			},
			"response": []
		},
		{
			"name": "Get all Products using feign",
			"request": {
				"auth": {
					"type": "bearer",
					"bearer": [
						{
							"key": "token",
							"value": "eyJ0eXAiOiJKV1QiLCJhbGciOiJIUzUxMiJ9.eyJzdWIiOiJ1c2VyMSIsImlzcyI6IlNwcmluZ1NlY3VyaXR5IiwiZXhwIjoxNjQ3NTE4ODk0LCJpYXQiOjE2NDc1MTg4MzR9.AZVNGSGrg069WDohrugaHXG3KSy3Xf6nRCHOcxN8vQI0MhbEOG8pnnDDDT6l_kfLNE-7ooxG5xtXsr_X-ut9Eg",
							"type": "string"
						}
					]
				},
				"method": "GET",
				"header": [],
				"url": {
					"raw": "{{clousBaseUrlUS}}/products",
					"host": [
						"{{clousBaseUrlUS}}"
					],
					"path": [
						"products"
					]
				}
			},
			"response": []
		},
		{
			"name": "Get a product using feign",
			"request": {
				"auth": {
					"type": "bearer",
					"bearer": [
						{
							"key": "token",
							"value": "eyJ0eXAiOiJKV1QiLCJhbGciOiJIUzUxMiJ9.eyJzdWIiOiJ1c2VyMSIsImlzcyI6IlNwcmluZ1NlY3VyaXR5IiwiZXhwIjoxNjQ3NTE4ODk0LCJpYXQiOjE2NDc1MTg4MzR9.AZVNGSGrg069WDohrugaHXG3KSy3Xf6nRCHOcxN8vQI0MhbEOG8pnnDDDT6l_kfLNE-7ooxG5xtXsr_X-ut9Eg",
							"type": "string"
						}
					]
				},
				"method": "GET",
				"header": [],
				"url": {
					"raw": "{{clousBaseUrlUS}}/product/2",
					"host": [
						"{{clousBaseUrlUS}}"
					],
					"path": [
						"product",
						"2"
					]
				}
			},
			"response": []
		}
	]
}