{
	"info": {
		"_postman_id": "39cd857c-d2df-48a8-9f2b-e30bb3d6fe49",
		"name": "Spring cloud gateway - A4",
		"schema": "https://schema.getpostman.com/json/collection/v2.1.0/collection.json"
	},
	"item": [
		{
			"name": "Authenticate",
			"request": {
				"auth": {
					"type": "basic",
					"basic": [
						{
							"key": "password",
							"value": "password",
							"type": "string"
						},
						{
							"key": "username",
							"value": "user1",
							"type": "string"
						}
					]
				},
				"method": "POST",
				"header": [],
				"url": {
					"raw": "{{gatewayBaseUrl}}/user/authenticate",
					"host": [
						"{{gatewayBaseUrl}}"
					],
					"path": [
						"user",
						"authenticate"
					]
				}
			},
			"response": []
		},
		{
			"name": "Get All Products",
			"request": {
				"auth": {
					"type": "bearer",
					"bearer": [
						{
							"key": "token",
							"value": "eyJ0eXAiOiJKV1QiLCJhbGciOiJIUzUxMiJ9.eyJzdWIiOiJ1c2VyMSIsImlzcyI6IlNwcmluZ1NlY3VyaXR5IiwiZXhwIjoxNjQ4MTEwMjU0LCJpYXQiOjE2NDgxMDY2NTR9.rg1n8A4BVGPb4v3Qiph-U-DeDhFzsJSm377hCZPnpDb7uvDf-75F9tgj60yaYBI3a1IT1CAnbL6JSSdBX_dvpQ",
							"type": "string"
						}
					]
				},
				"method": "GET",
				"header": [],
				"url": {
					"raw": "{{gatewayBaseUrl}}/product",
					"host": [
						"{{gatewayBaseUrl}}"
					],
					"path": [
						"product"
					]
				}
			},
			"response": []
		},
		{
			"name": "Get a product",
			"request": {
				"auth": {
					"type": "bearer",
					"bearer": [
						{
							"key": "token",
							"value": "eyJ0eXAiOiJKV1QiLCJhbGciOiJIUzUxMiJ9.eyJzdWIiOiJ1c2VyMSIsImlzcyI6IlNwcmluZ1NlY3VyaXR5IiwiZXhwIjoxNjQ4MTEwMjU0LCJpYXQiOjE2NDgxMDY2NTR9.rg1n8A4BVGPb4v3Qiph-U-DeDhFzsJSm377hCZPnpDb7uvDf-75F9tgj60yaYBI3a1IT1CAnbL6JSSdBX_dvpQ",
							"type": "string"
						}
					]
				},
				"method": "GET",
				"header": [],
				"url": {
					"raw": "{{gatewayBaseUrl}}/product/3",
					"host": [
						"{{gatewayBaseUrl}}"
					],
					"path": [
						"product",
						"3"
					]
				}
			},
			"response": []
		},
		{
			"name": "Update Product",
			"request": {
				"auth": {
					"type": "bearer",
					"bearer": [
						{
							"key": "token",
							"value": "eyJ0eXAiOiJKV1QiLCJhbGciOiJIUzUxMiJ9.eyJzdWIiOiJ1c2VyMSIsImlzcyI6IlNwcmluZ1NlY3VyaXR5IiwiZXhwIjoxNjQ4MDU0ODYzLCJpYXQiOjE2NDgwNTEyNjN9.CvtF4euYurV2FD7bRFCFBLcjDH78LtzQs6QRTIvw3Fc6KAgjjxZZ_01_HE3Xt6Il1g2-jQJLe8VHmGFPODDX_Q",
							"type": "string"
						}
					]
				},
				"method": "PUT",
				"header": [],
				"body": {
					"mode": "raw",
					"raw": "{\r\n    \"productId\":\"3\",\r\n    \"productName\" : \"portronics headphones\",\r\n    \"productQuantity\":\"2\",\r\n      \"category\": {\r\n            \"categoryId\": 3,\r\n            \"category\": \"Headphones\"\r\n        }\r\n}",
					"options": {
						"raw": {
							"language": "json"
						}
					}
				},
				"url": {
					"raw": "{{gatewayBaseUrl}}/product",
					"host": [
						"{{gatewayBaseUrl}}"
					],
					"path": [
						"product"
					]
				}
			},
			"response": []
		},
		{
			"name": "Delete Product",
			"request": {
				"auth": {
					"type": "bearer",
					"bearer": [
						{
							"key": "token",
							"value": "eyJ0eXAiOiJKV1QiLCJhbGciOiJIUzUxMiJ9.eyJzdWIiOiJ1c2VyMSIsImlzcyI6IlNwcmluZ1NlY3VyaXR5IiwiZXhwIjoxNjQ4MDQwNjI0LCJpYXQiOjE2NDgwMzcwMjR9.ipsSbd18LAdRib0V9EAqWZPm8GCvebTc1zbEWrw2nu45arxzAPnycwomlG2_b0Mvvwvy0M4EmJhsXhgYuQM15Q",
							"type": "string"
						}
					]
				},
				"method": "DELETE",
				"header": [],
				"url": {
					"raw": "{{gatewayBaseUrl}}/product/3",
					"host": [
						"{{gatewayBaseUrl}}"
					],
					"path": [
						"product",
						"3"
					]
				}
			},
			"response": []
		},
		{
			"name": "Get All users",
			"request": {
				"auth": {
					"type": "bearer",
					"bearer": [
						{
							"key": "token",
							"value": "eyJ0eXAiOiJKV1QiLCJhbGciOiJIUzUxMiJ9.eyJzdWIiOiJ1c2VyMSIsImlzcyI6IlNwcmluZ1NlY3VyaXR5IiwiZXhwIjoxNjQ4MTEwMjU0LCJpYXQiOjE2NDgxMDY2NTR9.rg1n8A4BVGPb4v3Qiph-U-DeDhFzsJSm377hCZPnpDb7uvDf-75F9tgj60yaYBI3a1IT1CAnbL6JSSdBX_dvpQ",
							"type": "string"
						}
					]
				},
				"method": "GET",
				"header": [],
				"url": {
					"raw": "{{gatewayBaseUrl}}/user",
					"host": [
						"{{gatewayBaseUrl}}"
					],
					"path": [
						"user"
					]
				}
			},
			"response": []
		},
		{
			"name": "Get user",
			"request": {
				"auth": {
					"type": "bearer",
					"bearer": [
						{
							"key": "token",
							"value": "eyJ0eXAiOiJKV1QiLCJhbGciOiJIUzUxMiJ9.eyJzdWIiOiJ1c2VyMSIsImlzcyI6IlNwcmluZ1NlY3VyaXR5IiwiZXhwIjoxNjQ4MDU0ODYzLCJpYXQiOjE2NDgwNTEyNjN9.CvtF4euYurV2FD7bRFCFBLcjDH78LtzQs6QRTIvw3Fc6KAgjjxZZ_01_HE3Xt6Il1g2-jQJLe8VHmGFPODDX_Q",
							"type": "string"
						}
					]
				},
				"method": "GET",
				"header": [],
				"url": {
					"raw": "{{gatewayBaseUrl}}/user/user3",
					"host": [
						"{{gatewayBaseUrl}}"
					],
					"path": [
						"user",
						"user3"
					]
				}
			},
			"response": []
		},
		{
			"name": "Update user",
			"request": {
				"auth": {
					"type": "bearer",
					"bearer": [
						{
							"key": "token",
							"value": "eyJ0eXAiOiJKV1QiLCJhbGciOiJIUzUxMiJ9.eyJzdWIiOiJ1c2VyMSIsImlzcyI6IlNwcmluZ1NlY3VyaXR5IiwiZXhwIjoxNjQ4MDU0ODYzLCJpYXQiOjE2NDgwNTEyNjN9.CvtF4euYurV2FD7bRFCFBLcjDH78LtzQs6QRTIvw3Fc6KAgjjxZZ_01_HE3Xt6Il1g2-jQJLe8VHmGFPODDX_Q",
							"type": "string"
						}
					]
				},
				"method": "PUT",
				"header": [],
				"body": {
					"mode": "raw",
					"raw": "{\r\n    \"userId\": \"user3\",\r\n    \"email\": \"hari@gmail.com\",\r\n    \"firstName\": \"Hariiii\",\r\n    \"lastName\": \"Kannan\",\r\n    \"password\": \"password\"\r\n}",
					"options": {
						"raw": {
							"language": "json"
						}
					}
				},
				"url": {
					"raw": "{{gatewayBaseUrl}}/user",
					"host": [
						"{{gatewayBaseUrl}}"
					],
					"path": [
						"user"
					]
				}
			},
			"response": []
		},
		{
			"name": "Order Product",
			"request": {
				"auth": {
					"type": "bearer",
					"bearer": [
						{
							"key": "token",
							"value": "eyJ0eXAiOiJKV1QiLCJhbGciOiJIUzUxMiJ9.eyJzdWIiOiJ1c2VyMSIsImlzcyI6IlNwcmluZ1NlY3VyaXR5IiwiZXhwIjoxNjQ4MTEwMjU0LCJpYXQiOjE2NDgxMDY2NTR9.rg1n8A4BVGPb4v3Qiph-U-DeDhFzsJSm377hCZPnpDb7uvDf-75F9tgj60yaYBI3a1IT1CAnbL6JSSdBX_dvpQ",
							"type": "string"
						}
					]
				},
				"method": "POST",
				"header": [],
				"body": {
					"mode": "raw",
					"raw": "{\r\n    \"orderId\" : \"0\",\r\n    \"userId\" : \"user1\",\r\n    \"productId\" : \"1\",\r\n    \"quantity\"  :\"1\"\r\n}",
					"options": {
						"raw": {
							"language": "json"
						}
					}
				},
				"url": {
					"raw": "{{gatewayBaseUrl}}/user/order",
					"host": [
						"{{gatewayBaseUrl}}"
					],
					"path": [
						"user",
						"order"
					]
				}
			},
			"response": []
		},
		{
			"name": "Get all orders by user",
			"request": {
				"auth": {
					"type": "bearer",
					"bearer": [
						{
							"key": "token",
							"value": "eyJ0eXAiOiJKV1QiLCJhbGciOiJIUzUxMiJ9.eyJzdWIiOiJ1c2VyMSIsImlzcyI6IlNwcmluZ1NlY3VyaXR5IiwiZXhwIjoxNjQ4MTEwMjU0LCJpYXQiOjE2NDgxMDY2NTR9.rg1n8A4BVGPb4v3Qiph-U-DeDhFzsJSm377hCZPnpDb7uvDf-75F9tgj60yaYBI3a1IT1CAnbL6JSSdBX_dvpQ",
							"type": "string"
						}
					]
				},
				"method": "GET",
				"header": [],
				"url": {
					"raw": "{{gatewayBaseUrl}}/user/order/user1",
					"host": [
						"{{gatewayBaseUrl}}"
					],
					"path": [
						"user",
						"order",
						"user1"
					]
				}
			},
			"response": []
		},
		{
			"name": "Get order by orerId",
			"request": {
				"auth": {
					"type": "bearer",
					"bearer": [
						{
							"key": "token",
							"value": "eyJ0eXAiOiJKV1QiLCJhbGciOiJIUzUxMiJ9.eyJzdWIiOiJ1c2VyMSIsImlzcyI6IlNwcmluZ1NlY3VyaXR5IiwiZXhwIjoxNjQ4MTEwMjU0LCJpYXQiOjE2NDgxMDY2NTR9.rg1n8A4BVGPb4v3Qiph-U-DeDhFzsJSm377hCZPnpDb7uvDf-75F9tgj60yaYBI3a1IT1CAnbL6JSSdBX_dvpQ",
							"type": "string"
						}
					]
				},
				"method": "GET",
				"header": [],
				"url": {
					"raw": "{{gatewayBaseUrl}}/user/order/details/2",
					"host": [
						"{{gatewayBaseUrl}}"
					],
					"path": [
						"user",
						"order",
						"details",
						"2"
					]
				}
			},
			"response": []
		},
		{
			"name": "Update order",
			"request": {
				"auth": {
					"type": "bearer",
					"bearer": [
						{
							"key": "token",
							"value": "eyJ0eXAiOiJKV1QiLCJhbGciOiJIUzUxMiJ9.eyJzdWIiOiJ1c2VyMSIsImlzcyI6IlNwcmluZ1NlY3VyaXR5IiwiZXhwIjoxNjQ4MTEwMjU0LCJpYXQiOjE2NDgxMDY2NTR9.rg1n8A4BVGPb4v3Qiph-U-DeDhFzsJSm377hCZPnpDb7uvDf-75F9tgj60yaYBI3a1IT1CAnbL6JSSdBX_dvpQ",
							"type": "string"
						}
					]
				},
				"method": "PUT",
				"header": [],
				"body": {
					"mode": "raw",
					"raw": "{\r\n    \"orderId\" : \"1\",\r\n    \"userId\" : \"user1\",\r\n    \"productId\" : \"2\",\r\n    \"quantity\"  :\"2\"\r\n}",
					"options": {
						"raw": {
							"language": "json"
						}
					}
				},
				"url": {
					"raw": "{{gatewayBaseUrl}}/user/order",
					"host": [
						"{{gatewayBaseUrl}}"
					],
					"path": [
						"user",
						"order"
					]
				}
			},
			"response": []
		},
		{
			"name": "Delete order",
			"request": {
				"auth": {
					"type": "bearer",
					"bearer": [
						{
							"key": "token",
							"value": "eyJ0eXAiOiJKV1QiLCJhbGciOiJIUzUxMiJ9.eyJzdWIiOiJ1c2VyMSIsImlzcyI6IlNwcmluZ1NlY3VyaXR5IiwiZXhwIjoxNjQ4MTEwMjU0LCJpYXQiOjE2NDgxMDY2NTR9.rg1n8A4BVGPb4v3Qiph-U-DeDhFzsJSm377hCZPnpDb7uvDf-75F9tgj60yaYBI3a1IT1CAnbL6JSSdBX_dvpQ",
							"type": "string"
						}
					]
				},
				"method": "DELETE",
				"header": [],
				"url": {
					"raw": "{{gatewayBaseUrl}}/user/order/2",
					"host": [
						"{{gatewayBaseUrl}}"
					],
					"path": [
						"user",
						"order",
						"2"
					]
				}
			},
			"response": []
		}
	]
}