{
	"info": {
		"_postman_id": "b9bec8a3-234b-4f2d-824f-6c8b502808ea",
		"name": "spring security jwt",
		"schema": "https://schema.getpostman.com/json/collection/v2.1.0/collection.json"
	},
	"item": [
		{
			"name": "Get all employees",
			"request": {
				"auth": {
					"type": "bearer",
					"bearer": [
						{
							"key": "token",
							"value": "eyJ0eXAiOiJKV1QiLCJhbGciOiJIUzUxMiJ9.eyJzdWIiOiJlbXAxIiwiaXNzIjoiU3ByaW5nU2VjdXJpdHkiLCJleHAiOjE2NDc0MzkyODUsImlhdCI6MTY0NzQzOTI1NX0.U2sMQG7wG0bEy2NlxELiF10d8sSwCR0IQ_FgHGdphnQSeROkjEZllKthXex0Vk2nGD4bBoDfMlCzjh9P5bHzgw",
							"type": "string"
						}
					]
				},
				"method": "GET",
				"header": [],
				"url": {
					"raw": "{{jwtBaseUrl}}",
					"host": [
						"{{jwtBaseUrl}}"
					]
				}
			},
			"response": []
		},
		{
			"name": "Get employee",
			"request": {
				"auth": {
					"type": "bearer",
					"bearer": [
						{
							"key": "token",
							"value": "eyJ0eXAiOiJKV1QiLCJhbGciOiJIUzUxMiJ9.eyJzdWIiOiJlbXAxIiwiaXNzIjoiU3ByaW5nU2VjdXJpdHkiLCJleHAiOjE2NDc0MzcwNTcsImlhdCI6MTY0NzQzNzAyN30.Dzjrttteznwal7OidUHlAm4dbyltdpC0z1Q2OGiQJGjNUxldCi_JKf9ivzamSS7zhapclC6UMkYKUNf9U3BGwQ",
							"type": "string"
						}
					]
				},
				"method": "GET",
				"header": [],
				"url": {
					"raw": "{{jwtBaseUrl}}/emp1",
					"host": [
						"{{jwtBaseUrl}}"
					],
					"path": [
						"emp1"
					]
				}
			},
			"response": []
		},
		{
			"name": "Delete employee",
			"request": {
				"auth": {
					"type": "bearer",
					"bearer": [
						{
							"key": "token",
							"value": "eyJ0eXAiOiJKV1QiLCJhbGciOiJIUzUxMiJ9.eyJzdWIiOiJlbXAxIiwiaXNzIjoiU3ByaW5nU2VjdXJpdHkiLCJleHAiOjE2NDc0MzcxOTEsImlhdCI6MTY0NzQzNzE2MX0.g8_0xhzElz2cxQjhJPAJJkbFC4KpaRtOyVMpys3VlndLnVjINi7sSm3UjCHNnWcsTky3dYqUDQoixNxn0EqJfA",
							"type": "string"
						}
					]
				},
				"method": "DELETE",
				"header": [],
				"url": {
					"raw": "{{jwtBaseUrl}}/emp1",
					"host": [
						"{{jwtBaseUrl}}"
					],
					"path": [
						"emp1"
					]
				}
			},
			"response": []
		},
		{
			"name": "Create user",
			"request": {
				"auth": {
					"type": "noauth"
				},
				"method": "POST",
				"header": [],
				"body": {
					"mode": "raw",
					"raw": " {\r\n        \"employeeId\": \"emp1\",\r\n        \"employeeName\": \"HariiK\",\r\n        \"firstName\": \"Harii\",\r\n        \"lastName\": \"K\",\r\n        \"password\": \"password\",\r\n        \"designation\" :\"Manager\"\r\n    }",
					"options": {
						"raw": {
							"language": "json"
						}
					}
				},
				"url": {
					"raw": "{{jwtBaseUrl}}",
					"host": [
						"{{jwtBaseUrl}}"
					]
				}
			},
			"response": []
		},
		{
			"name": "Authenticate",
			"request": {
				"auth": {
					"type": "basic",
					"basic": [
						{
							"key": "username",
							"value": "emp1",
							"type": "string"
						},
						{
							"key": "password",
							"value": "password",
							"type": "string"
						}
					]
				},
				"method": "POST",
				"header": [],
				"url": {
					"raw": "http://localhost:9011/authenticate",
					"protocol": "http",
					"host": [
						"localhost"
					],
					"port": "9011",
					"path": [
						"authenticate"
					]
				}
			},
			"response": []
		},
		{
			"name": "Update user",
			"request": {
				"auth": {
					"type": "bearer",
					"bearer": [
						{
							"key": "token",
							"value": "eyJ0eXAiOiJKV1QiLCJhbGciOiJIUzUxMiJ9.eyJzdWIiOiJlbXAxIiwiaXNzIjoiU3ByaW5nU2VjdXJpdHkiLCJleHAiOjE2NDc0MzkyODUsImlhdCI6MTY0NzQzOTI1NX0.U2sMQG7wG0bEy2NlxELiF10d8sSwCR0IQ_FgHGdphnQSeROkjEZllKthXex0Vk2nGD4bBoDfMlCzjh9P5bHzgw",
							"type": "string"
						}
					]
				},
				"method": "PUT",
				"header": [],
				"body": {
					"mode": "raw",
					"raw": " {\r\n        \"employeeId\": \"emp1\",\r\n        \"employeeName\": \"HariiK\",\r\n        \"firstName\": \"Hari\",\r\n        \"lastName\": \"K\",\r\n        \"password\": \"password\",\r\n        \"designation\" :\"Manager\"\r\n    }",
					"options": {
						"raw": {
							"language": "json"
						}
					}
				},
				"url": {
					"raw": "{{jwtBaseUrl}}",
					"host": [
						"{{jwtBaseUrl}}"
					]
				}
			},
			"response": []
		}
	]
}